provider,model_name,task_id,dimension_id,score_kind,strat_key,strat_value,n_rows,n_positive_truth,n_positive_pred,binary_accuracy,event_presence_auroc,event_presence_auprc,brier,positive_exact_hour_rate,positive_tolerance_1h_rate,median_abs_hour_error,accuracy,macro_f1,balanced_accuracy,truth_distribution,pred_distribution,exact_match,tolerance_1,median_abs_error
gemini31pro,gemini-3.1-pro,AKI-S1,D1,event_time,anchor_time_bin,T=24,5,5.0,5.0,1.0,,1.0,0.009999999999999995,0.6,0.6,0.0,,,,,,,,
gemini31pro,gemini-3.1-pro,AKI-S1,D1,event_time,anchor_time_bin,T=48,720,720.0,687.0,0.9541666666666667,,1.0,0.04755555555555556,0.2263888888888889,0.3013888888888889,6.0,,,,,,,,
gemini31pro,gemini-3.1-pro-high,AKI-S1,D1,event_time,anchor_time_bin,T=48,1,1.0,1.0,1.0,,1.0,0.009999999999999995,0.0,0.0,20.0,,,,,,,,
gemini31pro,gemini-3.1-pro,AKI-S1,D1,event_time,anchor_time_bin,T=6,209,209.0,201.0,0.9617224880382775,,1.0,0.04345693779904306,0.42105263157894735,0.6028708133971292,1.0,,,,,,,,
gemini31pro,gemini-3.1-pro,AKI-S1,D1,event_time,representation_profile,full_ab1b2b3,934,934.0,893.0,0.9561027837259101,,1.0,0.046437366167023555,0.27194860813704497,0.37044967880085655,4.0,,,,,,,,
gemini31pro,gemini-3.1-pro-high,AKI-S1,D1,event_time,representation_profile,full_ab1b2b3,1,1.0,1.0,1.0,,1.0,0.009999999999999995,0.0,0.0,20.0,,,,,,,,
gemini31pro,gemini-3.1-pro,AKI-S1,D1,event_time,trajectory_tier,atypical_low_support,512,512.0,494.0,0.96484375,,1.0,0.03921875,0.296875,0.373046875,4.0,,,,,,,,
gemini31pro,gemini-3.1-pro,AKI-S1,D1,event_time,trajectory_tier,atypical_supported,44,44.0,43.0,0.9772727272727273,,1.0,0.028181818181818183,0.3181818181818182,0.4772727272727273,3.0,,,,,,,,
gemini31pro,gemini-3.1-pro-high,AKI-S1,D1,event_time,trajectory_tier,atypical_supported,1,1.0,1.0,1.0,,1.0,0.009999999999999995,0.0,0.0,20.0,,,,,,,,
gemini31pro,gemini-3.1-pro,AKI-S1,D1,event_time,trajectory_tier,low_template_support,371,371.0,349.0,0.9407008086253369,,1.0,0.05925202156334231,0.22911051212938005,0.3477088948787062,3.0,,,,,,,,
gemini31pro,gemini-3.1-pro,AKI-S1,D1,event_time,trajectory_tier,typical_supported,7,7.0,7.0,1.0,,1.0,0.009999999999999995,0.42857142857142855,0.7142857142857143,1.0,,,,,,,,
gemini31pro,gemini-3.1-pro,AKI-S1,D2,event_time,anchor_time_bin,T=24,5,0.0,5.0,0.0,,,0.8100000000000002,,,,,,,,,,,
gemini31pro,gemini-3.1-pro,AKI-S1,D2,event_time,anchor_time_bin,T=48,724,0.0,72.0,0.9005524861878453,,,0.08955801104972376,,,,,,,,,,,
gemini31pro,gemini-3.1-pro,AKI-S1,D2,event_time,anchor_time_bin,T=6,209,0.0,15.0,0.9282296650717703,,,0.06741626794258374,,,,,,,,,,,
gemini31pro,gemini-3.1-pro,AKI-S1,D2,event_time,representation_profile,full_ab1b2b3,938,0.0,92.0,0.9019189765458422,,,0.08846481876332624,,,,,,,,,,,
gemini31pro,gemini-3.1-pro,AKI-S1,D2,event_time,trajectory_tier,atypical_low_support,514,0.0,54.0,0.8949416342412452,,,0.09404669260700389,,,,,,,,,,,
gemini31pro,gemini-3.1-pro,AKI-S1,D2,event_time,trajectory_tier,atypical_supported,45,0.0,13.0,0.7111111111111111,,,0.24111111111111114,,,,,,,,,,,
gemini31pro,gemini-3.1-pro,AKI-S1,D2,event_time,trajectory_tier,low_template_support,372,0.0,25.0,0.9327956989247311,,,0.06376344086021506,,,,,,,,,,,
gemini31pro,gemini-3.1-pro,AKI-S1,D2,event_time,trajectory_tier,typical_supported,7,0.0,0.0,1.0,,,0.009999999999999995,,,,,,,,,,,
gemini31pro,gemini-3.1-pro,AKI-T1,D1,event_time,anchor_time_bin,T=24,191,0.0,73.0,0.6178010471204188,,,0.31115183246073297,,,,,,,,,,,
gemini31pro,gemini-3.1-pro,AKI-T1,D1,event_time,anchor_time_bin,T=48,998,0.0,298.0,0.7014028056112225,,,0.2454834669338677,,,,,,,,,,,
gemini31pro,gemini-3.1-pro-preview,AKI-T1,D1,event_time,anchor_time_bin,T=48,1,0.0,1.0,0.0,,,0.81,,,,,,,,,,,
gemini31pro,gemini-3.1-pro,AKI-T1,D1,event_time,anchor_time_bin,T=6,640,0.0,240.0,0.625,,,0.3055,,,,,,,,,,,
gemini31pro,gemini-3.1-pro,AKI-T1,D1,event_time,representation_profile,full_ab1b2b3,1829,0.0,611.0,0.6659376708583926,,,0.27334199015855654,,,,,,,,,,,
gemini31pro,gemini-3.1-pro-preview,AKI-T1,D1,event_time,representation_profile,full_ab1b2b3,1,0.0,1.0,0.0,,,0.81,,,,,,,,,,,
gemini31pro,gemini-3.1-pro,AKI-T1,D1,event_time,trajectory_tier,atypical_low_support,998,0.0,396.0,0.6032064128256514,,,0.32251753507014025,,,,,,,,,,,
gemini31pro,gemini-3.1-pro-preview,AKI-T1,D1,event_time,trajectory_tier,atypical_low_support,1,0.0,1.0,0.0,,,0.81,,,,,,,,,,,
gemini31pro,gemini-3.1-pro,AKI-T1,D1,event_time,trajectory_tier,atypical_supported,79,0.0,37.0,0.5316455696202531,,,0.38468354430379753,,,,,,,,,,,
gemini31pro,gemini-3.1-pro,AKI-T1,D1,event_time,trajectory_tier,low_template_support,740,0.0,172.0,0.7675675675675676,,,0.1929189189189189,,,,,,,,,,,
gemini31pro,gemini-3.1-pro,AKI-T1,D1,event_time,trajectory_tier,typical_supported,12,0.0,6.0,0.5,,,0.41,,,,,,,,,,,
gemini31pro,gemini-3.1-pro,AKI-T1,D2,event_time,anchor_time_bin,T=24,201,0.0,2.0,0.9900497512437811,,,0.01796019900497512,,,,,,,,,,,
gemini31pro,gemini-3.1-pro,AKI-T1,D2,event_time,anchor_time_bin,T=48,1032,0.0,10.0,0.9903100775193798,,,0.017751937984496126,,,,,,,,,,,
gemini31pro,gemini-3.1-pro,AKI-T1,D2,event_time,anchor_time_bin,T=6,635,0.0,3.0,0.9952755905511811,,,0.013779527559055113,,,,,,,,,,,
gemini31pro,gemini-3.1-pro,AKI-T1,D2,event_time,representation_profile,full_ab1b2b3,1868,0.0,15.0,0.9919700214132763,,,0.016423982869379013,,,,,,,,,,,
gemini31pro,gemini-3.1-pro,AKI-T1,D2,event_time,trajectory_tier,atypical_low_support,1017,0.0,10.0,0.9901671583087512,,,0.017866273352999014,,,,,,,,,,,
gemini31pro,gemini-3.1-pro,AKI-T1,D2,event_time,trajectory_tier,atypical_supported,84,0.0,0.0,1.0,,,0.009999999999999995,,,,,,,,,,,
gemini31pro,gemini-3.1-pro,AKI-T1,D2,event_time,trajectory_tier,low_template_support,755,0.0,5.0,0.9933774834437086,,,0.01529801324503311,,,,,,,,,,,
gemini31pro,gemini-3.1-pro,AKI-T1,D2,event_time,trajectory_tier,typical_supported,12,0.0,0.0,1.0,,,0.009999999999999995,,,,,,,,,,,
gemini31pro,gemini-3.1-pro,AKI-T1,D5,categorical,anchor_time_bin,T=24,134,,,,,,,,,,0.7089552238805971,0.45984496124031005,0.8522727272727273,"{""atypical"": 132, ""typical"": 2}","{""atypical"": 93, ""typical"": 41}",,,
gemini31pro,gemini-3.1-pro,AKI-T1,D5,categorical,anchor_time_bin,T=48,559,,,,,,,,,,0.7334525939177102,0.4295801173835923,0.4934684684684685,"{""atypical"": 555, ""typical"": 4}","{""atypical"": 412, ""typical"": 147}",,,
gemini31pro,gemini-3.1-pro,AKI-T1,D5,categorical,anchor_time_bin,T=6,422,,,,,,,,,,0.5260663507109005,0.36608081718491814,0.6774839743589745,"{""atypical"": 416, ""typical"": 6}","{""atypical"": 218, ""typical"": 204}",,,
gemini31pro,gemini-3.1-pro,AKI-T1,D5,categorical,representation_profile,full_ab1b2b3,1115,,,,,,,,,,0.6520179372197309,0.4135588257620943,0.6592626171048654,"{""atypical"": 1103, ""typical"": 12}","{""atypical"": 723, ""typical"": 392}",,,
gemini31pro,gemini-3.1-pro,AKI-T1,D5,categorical,trajectory_tier,atypical_low_support,1019,,,,,,,,,,0.6633954857703631,0.3988200589970502,0.6633954857703631,"{""atypical"": 1019}","{""atypical"": 676, ""typical"": 343}",,,
gemini31pro,gemini-3.1-pro,AKI-T1,D5,categorical,trajectory_tier,atypical_supported,84,,,,,,,,,,0.5119047619047619,0.33858267716535434,0.5119047619047619,"{""atypical"": 84}","{""atypical"": 43, ""typical"": 41}",,,
gemini31pro,gemini-3.1-pro,AKI-T1,D5,categorical,trajectory_tier,typical_supported,12,,,,,,,,,,0.6666666666666666,0.4,0.6666666666666666,"{""typical"": 12}","{""atypical"": 4, ""typical"": 8}",,,
gemini31pro,gemini-3.1-pro,DEL-S1,D1,event_time,anchor_time_bin,T=48,657,657.0,657.0,1.0,,1.0,0.009999999999999995,0.9512937595129376,0.9573820395738204,0.0,,,,,,,,
gemini31pro,gemini-3.1-pro,DEL-S1,D1,event_time,anchor_time_bin,T=6,272,272.0,272.0,1.0,,1.0,0.009999999999999995,0.9816176470588235,0.9852941176470589,0.0,,,,,,,,
gemini31pro,gemini-3.1-pro,DEL-S1,D1,event_time,left_censored,0,296,296.0,296.0,1.0,,1.0,0.009999999999999993,0.9222972972972973,0.9358108108108109,0.0,,,,,,,,
gemini31pro,gemini-3.1-pro,DEL-S1,D1,event_time,left_censored,1,633,633.0,633.0,1.0,,1.0,0.009999999999999995,0.9778830963665087,0.9794628751974723,0.0,,,,,,,,
gemini31pro,gemini-3.1-pro,DEL-S1,D1,event_time,representation_profile,full_ab1b2b3,929,929.0,929.0,1.0,,1.0,0.009999999999999997,0.9601722282023681,0.9655543595263725,0.0,,,,,,,,
gemini31pro,gemini-3.1-pro,DEL-S1,D1,event_time,trajectory_tier,atypical_low_support,15,15.0,15.0,1.0,,1.0,0.009999999999999998,0.8,0.8,0.0,,,,,,,,
gemini31pro,gemini-3.1-pro,DEL-S1,D1,event_time,trajectory_tier,atypical_supported,552,552.0,552.0,1.0,,1.0,0.009999999999999997,0.9746376811594203,0.980072463768116,0.0,,,,,,,,
gemini31pro,gemini-3.1-pro,DEL-S1,D1,event_time,trajectory_tier,low_template_support,10,10.0,10.0,1.0,,1.0,0.009999999999999995,0.6,0.6,0.0,,,,,,,,
gemini31pro,gemini-3.1-pro,DEL-S1,D1,event_time,trajectory_tier,typical_supported,352,352.0,352.0,1.0,,1.0,0.009999999999999995,0.9545454545454546,0.9602272727272727,0.0,,,,,,,,
gemini31pro,gemini-3.1-pro,DEL-T1,D1,event_time,anchor_time_bin,T=48,1317,1317.0,1317.0,1.0,,1.0,0.009999999999999997,0.9658314350797267,0.9703872437357631,0.0,,,,,,,,
gemini31pro,gemini-3.1-pro,DEL-T1,D1,event_time,anchor_time_bin,T=6,542,542.0,542.0,1.0,,1.0,0.009999999999999997,0.981549815498155,0.988929889298893,0.0,,,,,,,,
gemini31pro,gemini-3.1-pro,DEL-T1,D1,event_time,left_censored,0,580,580.0,580.0,1.0,,1.0,0.009999999999999995,0.9344827586206896,0.9448275862068966,0.0,,,,,,,,
gemini31pro,gemini-3.1-pro,DEL-T1,D1,event_time,left_censored,1,1279,1279.0,1279.0,1.0,,1.0,0.009999999999999995,0.9867083659108679,0.9898358092259578,0.0,,,,,,,,
gemini31pro,gemini-3.1-pro,DEL-T1,D1,event_time,representation_profile,full_ab1b2b3,1859,1859.0,1859.0,1.0,,1.0,0.009999999999999998,0.9704142011834319,0.9757934373318988,0.0,,,,,,,,
gemini31pro,gemini-3.1-pro,DEL-T1,D1,event_time,trajectory_tier,atypical_low_support,35,35.0,35.0,1.0,,1.0,0.009999999999999997,0.8571428571428571,0.8571428571428571,0.0,,,,,,,,
gemini31pro,gemini-3.1-pro,DEL-T1,D1,event_time,trajectory_tier,atypical_supported,1139,1139.0,1139.0,1.0,,1.0,0.009999999999999995,0.9833187006145742,0.9868305531167691,0.0,,,,,,,,
gemini31pro,gemini-3.1-pro,DEL-T1,D1,event_time,trajectory_tier,low_template_support,18,18.0,18.0,1.0,,1.0,0.009999999999999997,0.8333333333333334,0.8333333333333334,0.0,,,,,,,,
gemini31pro,gemini-3.1-pro,DEL-T1,D1,event_time,trajectory_tier,typical_supported,667,667.0,667.0,1.0,,1.0,0.009999999999999995,0.9580209895052474,0.967016491754123,0.0,,,,,,,,
gemini31pro,gemini-3.1-pro,DEL-T1,D2,event_time,anchor_time_bin,T=48,1332,1332.0,1332.0,1.0,,1.0,0.009999999999999995,0.9977477477477478,0.9977477477477478,0.0,,,,,,,,
gemini31pro,gemini-3.1-pro,DEL-T1,D2,event_time,anchor_time_bin,T=6,543,543.0,543.0,1.0,,1.0,0.009999999999999997,1.0,1.0,0.0,,,,,,,,
gemini31pro,gemini-3.1-pro,DEL-T1,D2,event_time,left_censored,0,586,586.0,586.0,1.0,,1.0,0.009999999999999997,1.0,1.0,0.0,,,,,,,,
gemini31pro,gemini-3.1-pro,DEL-T1,D2,event_time,left_censored,1,1289,1289.0,1289.0,1.0,,1.0,0.009999999999999995,0.9976726144297905,0.9976726144297905,0.0,,,,,,,,
gemini31pro,gemini-3.1-pro,DEL-T1,D2,event_time,representation_profile,full_ab1b2b3,1875,1875.0,1875.0,1.0,,1.0,0.009999999999999997,0.9984,0.9984,0.0,,,,,,,,
gemini31pro,gemini-3.1-pro,DEL-T1,D2,event_time,trajectory_tier,atypical_low_support,35,35.0,35.0,1.0,,1.0,0.009999999999999997,1.0,1.0,0.0,,,,,,,,
gemini31pro,gemini-3.1-pro,DEL-T1,D2,event_time,trajectory_tier,atypical_supported,1147,1147.0,1147.0,1.0,,1.0,0.009999999999999997,0.998256320836966,0.998256320836966,0.0,,,,,,,,
gemini31pro,gemini-3.1-pro,DEL-T1,D2,event_time,trajectory_tier,low_template_support,19,19.0,19.0,1.0,,1.0,0.009999999999999997,1.0,1.0,0.0,,,,,,,,
gemini31pro,gemini-3.1-pro,DEL-T1,D2,event_time,trajectory_tier,typical_supported,674,674.0,674.0,1.0,,1.0,0.009999999999999995,0.9985163204747775,0.9985163204747775,0.0,,,,,,,,
gemini31pro,gemini-3.1-pro,S-R1,D4,categorical,anchor_time_bin,retrospective_or_na,312,,,,,,,,,,0.34294871794871795,0.23429353546752069,0.6670061327009383,"{""cardioembolic"": 76, ""large_artery"": 43, ""small_vessel"": 1, ""unknown"": 192}","{""cardioembolic"": 200, ""cryptogenic"": 10, ""large_artery"": 79, ""small_vessel"": 18, ""unknown"": 5}",,,
gemini31pro,gemini-3.1-pro,S-R1,D4,categorical,representation_profile,stroke_retrospective_b2_only,312,,,,,,,,,,0.34294871794871795,0.23429353546752069,0.6670061327009383,"{""cardioembolic"": 76, ""large_artery"": 43, ""small_vessel"": 1, ""unknown"": 192}","{""cardioembolic"": 200, ""cryptogenic"": 10, ""large_artery"": 79, ""small_vessel"": 18, ""unknown"": 5}",,,
gemini31pro,gemini-3.1-pro,S-R1,D4,categorical,stroke_layer,Layer2,312,,,,,,,,,,0.34294871794871795,0.23429353546752069,0.6670061327009383,"{""cardioembolic"": 76, ""large_artery"": 43, ""small_vessel"": 1, ""unknown"": 192}","{""cardioembolic"": 200, ""cryptogenic"": 10, ""large_artery"": 79, ""small_vessel"": 18, ""unknown"": 5}",,,
gemini31pro,gemini-3.1-pro,S-R1,D4,categorical,stroke_tier,A,296,,,,,,,,,,0.3344594594594595,0.2295141712599018,0.6648126463700235,"{""cardioembolic"": 70, ""large_artery"": 42, ""small_vessel"": 1, ""unknown"": 183}","{""cardioembolic"": 190, ""cryptogenic"": 9, ""large_artery"": 77, ""small_vessel"": 17, ""unknown"": 3}",,,
gemini31pro,gemini-3.1-pro,S-R1,D4,categorical,stroke_tier,C,16,,,,,,,,,,0.5,0.33106060606060606,0.6851851851851851,"{""cardioembolic"": 6, ""large_artery"": 1, ""unknown"": 9}","{""cardioembolic"": 10, ""cryptogenic"": 1, ""large_artery"": 2, ""small_vessel"": 1, ""unknown"": 2}",,,
gemini31pro,gemini-3.1-pro,S-R2,D4,categorical,anchor_time_bin,retrospective_or_na,158,,,,,,,,,,0.2974683544303797,0.2859908988053642,0.4899090201076182,"{""anticoagulation"": 33, ""antiplatelet"": 8, ""both"": 107, ""neither"": 10}","{""anticoagulation"": 48, ""antiplatelet"": 48, ""both"": 19, ""neither"": 43}",,,
gemini31pro,gemini-3.1-pro,S-R2,D4,categorical,representation_profile,stroke_retrospective_b2_only,158,,,,,,,,,,0.2974683544303797,0.2859908988053642,0.4899090201076182,"{""anticoagulation"": 33, ""antiplatelet"": 8, ""both"": 107, ""neither"": 10}","{""anticoagulation"": 48, ""antiplatelet"": 48, ""both"": 19, ""neither"": 43}",,,
gemini31pro,gemini-3.1-pro,S-R2,D4,categorical,stroke_layer,Layer2,158,,,,,,,,,,0.2974683544303797,0.2859908988053642,0.4899090201076182,"{""anticoagulation"": 33, ""antiplatelet"": 8, ""both"": 107, ""neither"": 10}","{""anticoagulation"": 48, ""antiplatelet"": 48, ""both"": 19, ""neither"": 43}",,,
gemini31pro,gemini-3.1-pro,S-R2,D4,categorical,stroke_tier,A,153,,,,,,,,,,0.3006535947712418,0.2908860494344365,0.5085541474654378,"{""anticoagulation"": 31, ""antiplatelet"": 8, ""both"": 105, ""neither"": 9}","{""anticoagulation"": 46, ""antiplatelet"": 47, ""both"": 19, ""neither"": 41}",,,
gemini31pro,gemini-3.1-pro,S-R2,D4,categorical,stroke_tier,C,5,,,,,,,,,,0.2,0.125,0.16666666666666666,"{""anticoagulation"": 2, ""both"": 2, ""neither"": 1}","{""anticoagulation"": 2, ""antiplatelet"": 1, ""neither"": 2}",,,
gemini31pro,gemini-3.1-pro,S-R3,D2,numeric_exact,anchor_time_bin,retrospective_or_na,4,,,,,,,,,,,,,,,0.75,0.75,0.0
gemini31pro,gemini-3.1-pro,S-R3,D2,numeric_exact,representation_profile,stroke_retrospective_b2_only,4,,,,,,,,,,,,,,,0.75,0.75,0.0
gemini31pro,gemini-3.1-pro,S-R3,D2,numeric_exact,stroke_layer,Layer2,4,,,,,,,,,,,,,,,0.75,0.75,0.0
gemini31pro,gemini-3.1-pro,S-R3,D2,numeric_exact,stroke_tier,A,4,,,,,,,,,,,,,,,0.75,0.75,0.0
gemini31pro,gemini-3.1-pro,S-R4,D4,binary_from_yesno,anchor_time_bin,retrospective_or_na,362,,,0.48342541436464087,0.4625307612923712,0.10731251348993853,0.4232596685082873,,,,,,,,,,,
gemini31pro,gemini-3.1-pro,S-R4,D4,binary_from_yesno,representation_profile,stroke_retrospective_b2_only,362,,,0.48342541436464087,0.4625307612923712,0.10731251348993853,0.4232596685082873,,,,,,,,,,,
gemini31pro,gemini-3.1-pro,S-R4,D4,binary_from_yesno,stroke_layer,Layer2,362,,,0.48342541436464087,0.4625307612923712,0.10731251348993853,0.4232596685082873,,,,,,,,,,,
gemini31pro,gemini-3.1-pro,S-R4,D4,binary_from_yesno,stroke_tier,A,343,,,0.4868804664723032,0.4695858498705781,0.11340595887615484,0.42049562682215746,,,,,,,,,,,
gemini31pro,gemini-3.1-pro,S-R4,D4,binary_from_yesno,stroke_tier,C,19,,,0.42105263157894735,0.2222222222222222,0.0625,0.4731578947368422,,,,,,,,,,,
gemini31pro,gemini-3.1-pro,S-T1,D1,event_time,anchor_time_bin,T=48,485,0.0,482.0,0.006185567010309278,,,0.800432989690722,,,,,,,,,,,
gemini31pro,gemini-3.1-pro,S-T1,D1,event_time,anchor_time_bin,T=6,446,0.0,423.0,0.0515695067264574,,,0.7615695067264578,,,,,,,,,,,
gemini31pro,gemini-3.1-pro,S-T1,D1,event_time,representation_profile,stroke_temporal_ab1b2,931,0.0,905.0,0.027926960257787327,,,0.7818152524167565,,,,,,,,,,,
gemini31pro,gemini-3.1-pro,S-T1,D1,event_time,stroke_layer,Layer1,931,0.0,905.0,0.027926960257787327,,,0.7818152524167565,,,,,,,,,,,
gemini31pro,gemini-3.1-pro,S-T1,D1,event_time,stroke_tier,A,670,0.0,654.0,0.023880597014925373,,,0.787074626865672,,,,,,,,,,,
gemini31pro,gemini-3.1-pro,S-T1,D1,event_time,stroke_tier,B,261,0.0,251.0,0.038314176245210725,,,0.768314176245211,,,,,,,,,,,
gemini31pro,gemini-3.1-pro,S-T1,D3,binary_from_trend,anchor_time_bin,T=48,483,,,0.7308488612836439,0.594642324146851,0.13078290083916366,0.22195134575569359,,,,,,,,,,,
gemini31pro,gemini-3.1-pro,S-T1,D3,binary_from_trend,anchor_time_bin,T=6,429,,,0.7948717948717948,0.5545884896376919,0.22434389242171843,0.17474941724941725,,,,,,,,,,,
gemini31pro,gemini-3.1-pro,S-T1,D3,binary_from_trend,representation_profile,stroke_temporal_ab1b2,912,,,0.7609649122807017,0.5589904544511309,0.17852877375731524,0.19974780701754385,,,,,,,,,,,
gemini31pro,gemini-3.1-pro,S-T1,D3,binary_from_trend,stroke_layer,Layer1,912,,,0.7609649122807017,0.5589904544511309,0.17852877375731524,0.19974780701754385,,,,,,,,,,,
gemini31pro,gemini-3.1-pro,S-T1,D3,binary_from_trend,stroke_tier,A,657,,,0.76103500761035,0.5285493827160493,0.1670840972496179,0.20009132420091325,,,,,,,,,,,
gemini31pro,gemini-3.1-pro,S-T1,D3,binary_from_trend,stroke_tier,B,255,,,0.7607843137254902,0.6189309322999772,0.32957176927633886,0.1988627450980392,,,,,,,,,,,
gemini31pro,gemini-3.1-pro,S-T2,D4,categorical,anchor_time_bin,T=24,21,,,,,,,,,,0.3333333333333333,0.16680161943319835,0.2583333333333333,"{""bilateral_or_none"": 8, ""left"": 2, ""none"": 3, ""right"": 5, ""unknown"": 3}","{""bilateral_or_none"": 11, ""unknown"": 10}",,,
gemini31pro,gemini-3.1-pro,S-T2,D4,categorical,anchor_time_bin,T=48,9,,,,,,,,,,0.1111111111111111,0.07142857142857144,0.08333333333333333,"{""bilateral_or_none"": 3, ""left"": 4, ""right"": 1, ""unknown"": 1}","{""bilateral_or_none"": 4, ""left"": 2, ""right"": 1, ""unknown"": 2}",,,
gemini31pro,gemini-3.1-pro,S-T2,D4,categorical,anchor_time_bin,T=6,242,,,,,,,,,,0.1859504132231405,0.19668335155246147,0.21963352902698724,"{""bilateral_or_none"": 65, ""left"": 67, ""none"": 27, ""right"": 47, ""unknown"": 36}","{""bilateral_or_none"": 65, ""left"": 5, ""none"": 8, ""right"": 9, ""unknown"": 155}",,,
gemini31pro,gemini-3.1-pro,S-T2,D4,categorical,representation_profile,stroke_temporal_ab1b2,272,,,,,,,,,,0.1948529411764706,0.19600574736730345,0.22182394471575684,"{""bilateral_or_none"": 76, ""left"": 73, ""none"": 30, ""right"": 53, ""unknown"": 40}","{""bilateral_or_none"": 80, ""left"": 7, ""none"": 8, ""right"": 10, ""unknown"": 167}",,,
gemini31pro,gemini-3.1-pro,S-T2,D4,categorical,stroke_layer,Layer1,272,,,,,,,,,,0.1948529411764706,0.19600574736730345,0.22182394471575684,"{""bilateral_or_none"": 76, ""left"": 73, ""none"": 30, ""right"": 53, ""unknown"": 40}","{""bilateral_or_none"": 80, ""left"": 7, ""none"": 8, ""right"": 10, ""unknown"": 167}",,,
gemini31pro,gemini-3.1-pro,S-T2,D4,categorical,stroke_tier,A,190,,,,,,,,,,0.23157894736842105,0.22190685320207235,0.23431946182728408,"{""bilateral_or_none"": 51, ""left"": 47, ""none"": 20, ""right"": 32, ""unknown"": 40}","{""bilateral_or_none"": 63, ""left"": 6, ""none"": 7, ""right"": 7, ""unknown"": 107}",,,
gemini31pro,gemini-3.1-pro,S-T2,D4,categorical,stroke_tier,B,82,,,,,,,,,,0.10975609756097561,0.13213083213083215,0.10842490842490843,"{""bilateral_or_none"": 25, ""left"": 26, ""none"": 10, ""right"": 21}","{""bilateral_or_none"": 17, ""left"": 1, ""none"": 1, ""right"": 3, ""unknown"": 60}",,,
gemini31pro,gemini-3.1-pro,S-T3,D4,categorical,anchor_time_bin,T=24,80,,,,,,,,,,0.25,0.1689023027051196,0.2937908496732026,"{""consistent"": 17, ""inconsistent"": 3, ""uncertain"": 60}","{""consistent"": 67, ""inconsistent"": 2, ""uncertain"": 11}",,,
gemini31pro,gemini-3.1-pro,S-T3,D4,categorical,anchor_time_bin,T=6,219,,,,,,,,,,0.3926940639269406,0.2392514862045708,0.3739092495636998,"{""consistent"": 20, ""inconsistent"": 8, ""uncertain"": 191}","{""consistent"": 138, ""inconsistent"": 3, ""uncertain"": 78}",,,
gemini31pro,gemini-3.1-pro,S-T3,D4,categorical,representation_profile,stroke_temporal_ab1b2,299,,,,,,,,,,0.35451505016722407,0.23007616269648357,0.3558379096227702,"{""consistent"": 37, ""inconsistent"": 11, ""uncertain"": 251}","{""consistent"": 205, ""inconsistent"": 5, ""uncertain"": 89}",,,
gemini31pro,gemini-3.1-pro,S-T3,D4,categorical,stroke_layer,Layer1,299,,,,,,,,,,0.35451505016722407,0.23007616269648357,0.3558379096227702,"{""consistent"": 37, ""inconsistent"": 11, ""uncertain"": 251}","{""consistent"": 205, ""inconsistent"": 5, ""uncertain"": 89}",,,
gemini31pro,gemini-3.1-pro,S-T3,D4,categorical,stroke_tier,A,297,,,,,,,,,,0.35353535353535354,0.2297794796655873,0.3553312348493072,"{""consistent"": 37, ""inconsistent"": 11, ""uncertain"": 249}","{""consistent"": 204, ""inconsistent"": 5, ""uncertain"": 88}",,,
gemini31pro,gemini-3.1-pro,S-T3,D4,categorical,stroke_tier,B,2,,,,,,,,,,0.5,0.3333333333333333,0.5,"{""uncertain"": 2}","{""consistent"": 1, ""uncertain"": 1}",,,
gemini31pro,gemini-3.1-pro,SEP-S1,D1,event_time,anchor_time_bin,T=24,67,67.0,67.0,1.0,,1.0,0.009999999999999995,0.07462686567164178,0.23880597014925373,3.0,,,,,,,,
gemini31pro,gemini-3.1-pro,SEP-S1,D1,event_time,anchor_time_bin,T=48,218,218.0,218.0,1.0,,1.0,0.009999999999999997,0.08256880733944955,0.25229357798165136,4.0,,,,,,,,
gemini31pro,gemini-3.1-pro,SEP-S1,D1,event_time,anchor_time_bin,T=6,163,163.0,163.0,1.0,,1.0,0.009999999999999995,0.19631901840490798,0.37423312883435583,2.0,,,,,,,,
gemini31pro,gemini-3.1-pro,SEP-S1,D1,event_time,onset_confidence,high,431,431.0,431.0,1.0,,1.0,0.009999999999999997,0.11136890951276102,0.27842227378190254,3.0,,,,,,,,
gemini31pro,gemini-3.1-pro,SEP-S1,D1,event_time,onset_confidence,low,17,17.0,17.0,1.0,,1.0,0.009999999999999995,0.4117647058823529,0.7058823529411765,1.0,,,,,,,,
gemini31pro,gemini-3.1-pro,SEP-S1,D1,event_time,representation_profile,full_ab1b2b3,448,448.0,448.0,1.0,,1.0,0.009999999999999997,0.12276785714285714,0.29464285714285715,3.0,,,,,,,,
gemini31pro,gemini-3.1-pro,SEP-S1,D1,event_time,trajectory_tier,atypical_low_support,44,44.0,44.0,1.0,,1.0,0.009999999999999997,0.1590909090909091,0.20454545454545456,4.0,,,,,,,,
gemini31pro,gemini-3.1-pro,SEP-S1,D1,event_time,trajectory_tier,atypical_supported,225,225.0,225.0,1.0,,1.0,0.009999999999999997,0.10666666666666667,0.3022222222222222,2.0,,,,,,,,
gemini31pro,gemini-3.1-pro,SEP-S1,D1,event_time,trajectory_tier,low_template_support,100,100.0,100.0,1.0,,1.0,0.009999999999999995,0.17,0.35,2.0,,,,,,,,
gemini31pro,gemini-3.1-pro,SEP-S1,D1,event_time,trajectory_tier,typical_supported,79,79.0,79.0,1.0,,1.0,0.009999999999999997,0.08860759493670886,0.25316455696202533,3.0,,,,,,,,
gemini31pro,gemini-3.1-pro,SEP-T1,D1,event_time,anchor_time_bin,T=24,29,29.0,29.0,1.0,,1.0,0.009999999999999997,0.10344827586206896,0.2413793103448276,3.0,,,,,,,,
gemini31pro,gemini-3.1-pro,SEP-T1,D1,event_time,anchor_time_bin,T=48,810,810.0,808.0,0.9975308641975309,,1.0,0.011975308641975303,0.11851851851851852,0.2641975308641975,3.0,,,,,,,,
gemini31pro,gemini-3.1-pro,SEP-T1,D1,event_time,anchor_time_bin,T=6,964,964.0,958.0,0.9937759336099585,,1.0,0.015311203319502073,0.17116182572614108,0.3879668049792531,2.0,,,,,,,,
gemini31pro,gemini-3.1-pro,SEP-T1,D1,event_time,onset_confidence,high,1579,1579.0,1574.0,0.9968334388853705,,1.0,0.012685243825205823,0.1266624445851805,0.29892336922102597,3.0,,,,,,,,
gemini31pro,gemini-3.1-pro,SEP-T1,D1,event_time,onset_confidence,low,224,224.0,221.0,0.9866071428571429,,1.0,0.02107142857142857,0.2857142857142857,0.5491071428571429,1.0,,,,,,,,
gemini31pro,gemini-3.1-pro,SEP-T1,D1,event_time,representation_profile,full_ab1b2b3,1803,1803.0,1795.0,0.9955629506378258,,1.0,0.013727121464226286,0.1464226289517471,0.3300055463117027,3.0,,,,,,,,
gemini31pro,gemini-3.1-pro,SEP-T1,D1,event_time,trajectory_tier,atypical_low_support,97,97.0,97.0,1.0,,1.0,0.009999999999999995,0.15463917525773196,0.35051546391752575,2.0,,,,,,,,
gemini31pro,gemini-3.1-pro,SEP-T1,D1,event_time,trajectory_tier,atypical_supported,261,261.0,261.0,1.0,,1.0,0.010306513409961684,0.13026819923371646,0.29118773946360155,3.0,,,,,,,,
gemini31pro,gemini-3.1-pro,SEP-T1,D1,event_time,trajectory_tier,low_template_support,1128,1128.0,1123.0,0.9955673758865248,,1.0,0.013617021276595741,0.16134751773049646,0.3537234042553192,2.0,,,,,,,,
gemini31pro,gemini-3.1-pro,SEP-T1,D1,event_time,trajectory_tier,typical_supported,317,317.0,314.0,0.9905362776025236,,1.0,0.018075709779179806,0.10410094637223975,0.27129337539432175,3.0,,,,,,,,
gemini31pro,gemini-3.1-pro,SEP-T1,D2,event_time,anchor_time_bin,T=24,30,0.0,11.0,0.6333333333333333,,,0.30333333333333334,,,,,,,,,,,
gemini31pro,gemini-3.1-pro,SEP-T1,D2,event_time,anchor_time_bin,T=48,839,0.0,135.0,0.8390941597139452,,,0.13872467222884385,,,,,,,,,,,
gemini31pro,gemini-3.1-pro,SEP-T1,D2,event_time,anchor_time_bin,T=6,1006,0.0,173.0,0.8280318091451292,,,0.14757455268389663,,,,,,,,,,,
gemini31pro,gemini-3.1-pro,SEP-T1,D2,event_time,onset_confidence,high,1651,0.0,295.0,0.821320411871593,,,0.1529436705027256,,,,,,,,,,,
gemini31pro,gemini-3.1-pro,SEP-T1,D2,event_time,onset_confidence,low,224,0.0,24.0,0.8928571428571429,,,0.09571428571428572,,,,,,,,,,,
gemini31pro,gemini-3.1-pro,SEP-T1,D2,event_time,representation_profile,full_ab1b2b3,1875,0.0,319.0,0.8298666666666666,,,0.14610666666666666,,,,,,,,,,,
gemini31pro,gemini-3.1-pro,SEP-T1,D2,event_time,trajectory_tier,atypical_low_support,101,0.0,28.0,0.7227722772277227,,,0.23178217821782185,,,,,,,,,,,
gemini31pro,gemini-3.1-pro,SEP-T1,D2,event_time,trajectory_tier,atypical_supported,268,0.0,81.0,0.6977611940298507,,,0.25179104477611935,,,,,,,,,,,
gemini31pro,gemini-3.1-pro,SEP-T1,D2,event_time,trajectory_tier,low_template_support,1172,0.0,174.0,0.8515358361774744,,,0.1287713310580205,,,,,,,,,,,
gemini31pro,gemini-3.1-pro,SEP-T1,D2,event_time,trajectory_tier,typical_supported,334,0.0,36.0,0.8922155688622755,,,0.09622754491017964,,,,,,,,,,,
gemini31pro,gemini-3.1-pro,SEP-T1,D5,categorical,anchor_time_bin,T=24,30,,,,,,,,,,0.4,0.28571428571428575,0.4,"{""high"": 30}","{""high"": 12, ""low"": 18}",,,
gemini31pro,gemini-3.1-pro,SEP-T1,D5,categorical,anchor_time_bin,T=48,839,,,,,,,,,,0.4600715137067938,0.42020621764977784,0.588268191529471,"{""high"": 730, ""low"": 109}","{""high"": 329, ""low"": 510}",,,
gemini31pro,gemini-3.1-pro,SEP-T1,D5,categorical,anchor_time_bin,T=6,1006,,,,,,,,,,0.38866799204771374,0.3501230553008316,0.49584248279900456,"{""high"": 891, ""low"": 115}","{""high"": 360, ""low"": 646}",,,
gemini31pro,gemini-3.1-pro,SEP-T1,D5,categorical,onset_confidence,high,1651,,,,,,,,,,0.38340399757722593,0.27714535901926446,0.38340399757722593,"{""high"": 1651}","{""high"": 633, ""low"": 1018}",,,
gemini31pro,gemini-3.1-pro,SEP-T1,D5,categorical,onset_confidence,low,224,,,,,,,,,,0.6964285714285714,0.4105263157894737,0.6964285714285714,"{""low"": 224}","{""high"": 68, ""low"": 156}",,,
gemini31pro,gemini-3.1-pro,SEP-T1,D5,categorical,representation_profile,full_ab1b2b3,1875,,,,,,,,,,0.4208,0.38072063589384253,0.5399162845028986,"{""high"": 1651, ""low"": 224}","{""high"": 701, ""low"": 1174}",,,
gemini31pro,gemini-3.1-pro,SEP-T1,D5,categorical,trajectory_tier,atypical_low_support,101,,,,,,,,,,0.46534653465346537,0.33292563600782776,0.4823232323232323,"{""high"": 99, ""low"": 2}","{""high"": 47, ""low"": 54}",,,
gemini31pro,gemini-3.1-pro,SEP-T1,D5,categorical,trajectory_tier,atypical_supported,268,,,,,,,,,,0.3917910447761194,0.28150134048257375,0.3917910447761194,"{""high"": 268}","{""high"": 105, ""low"": 163}",,,
gemini31pro,gemini-3.1-pro,SEP-T1,D5,categorical,trajectory_tier,low_template_support,1172,,,,,,,,,,0.4402730375426621,0.4224293617238654,0.5390990990990991,"{""high"": 950, ""low"": 222}","{""high"": 428, ""low"": 744}",,,
gemini31pro,gemini-3.1-pro,SEP-T1,D5,categorical,trajectory_tier,typical_supported,334,,,,,,,,,,0.36227544910179643,0.26593406593406593,0.36227544910179643,"{""high"": 334}","{""high"": 121, ""low"": 213}",,,
gpt54,gpt-5.4,AKI-S1,D1,event_time,anchor_time_bin,T=24,5,5.0,5.0,1.0,,1.0,0.05800000000000002,0.6,0.6,0.0,,,,,,,,
gpt54,gpt-5.4,AKI-S1,D1,event_time,anchor_time_bin,T=48,670,670.0,541.0,0.8074626865671641,,1.0,0.19202238805970148,0.17313432835820897,0.2253731343283582,6.0,,,,,,,,
gpt54,gpt-5.4,AKI-S1,D1,event_time,anchor_time_bin,T=6,209,209.0,192.0,0.9186602870813397,,1.0,0.1328708133971292,0.3253588516746411,0.3923444976076555,2.0,,,,,,,,
gpt54,gpt-5.4,AKI-S1,D1,event_time,representation_profile,full_ab1b2b3,884,884.0,738.0,0.834841628959276,,1.0,0.1772794117647059,0.21153846153846154,0.2669683257918552,5.0,,,,,,,,
gpt54,gpt-5.4,AKI-S1,D1,event_time,trajectory_tier,atypical_low_support,487,487.0,409.0,0.839835728952772,,1.0,0.1737474332648871,0.25667351129363447,0.29774127310061604,4.0,,,,,,,,
gpt54,gpt-5.4,AKI-S1,D1,event_time,trajectory_tier,atypical_supported,44,44.0,43.0,0.9772727272727273,,1.0,0.06636363636363635,0.29545454545454547,0.4090909090909091,4.0,,,,,,,,
gpt54,gpt-5.4,AKI-S1,D1,event_time,trajectory_tier,low_template_support,346,346.0,279.0,0.8063583815028902,,1.0,0.19858381502890177,0.13872832369942195,0.20809248554913296,5.0,,,,,,,,
gpt54,gpt-5.4,AKI-S1,D1,event_time,trajectory_tier,typical_supported,7,7.0,7.0,1.0,,1.0,0.06714285714285716,0.14285714285714285,0.14285714285714285,6.0,,,,,,,,
gpt54,gpt-5.4,AKI-S1,D2,event_time,anchor_time_bin,T=24,5,0.0,3.0,0.4,,,0.394,,,,,,,,,,,
gpt54,gpt-5.4,AKI-S1,D2,event_time,anchor_time_bin,T=48,724,0.0,60.0,0.9171270718232044,,,0.06535911602209944,,,,,,,,,,,
gpt54,gpt-5.4,AKI-S1,D2,event_time,anchor_time_bin,T=6,209,0.0,19.0,0.9090909090909091,,,0.09918660287081342,,,,,,,,,,,
gpt54,gpt-5.4,AKI-S1,D2,event_time,representation_profile,full_ab1b2b3,938,0.0,82.0,0.9125799573560768,,,0.07464818763326227,,,,,,,,,,,
gpt54,gpt-5.4,AKI-S1,D2,event_time,trajectory_tier,atypical_low_support,514,0.0,46.0,0.9105058365758755,,,0.07521400778210116,,,,,,,,,,,
gpt54,gpt-5.4,AKI-S1,D2,event_time,trajectory_tier,atypical_supported,45,0.0,12.0,0.7333333333333333,,,0.1966666666666667,,,,,,,,,,,
gpt54,gpt-5.4,AKI-S1,D2,event_time,trajectory_tier,low_template_support,372,0.0,23.0,0.9381720430107527,,,0.05860215053763441,,,,,,,,,,,
gpt54,gpt-5.4,AKI-S1,D2,event_time,trajectory_tier,typical_supported,7,0.0,1.0,0.8571428571428571,,,0.10142857142857142,,,,,,,,,,,
gpt54,gpt-5.4,AKI-T1,D1,event_time,anchor_time_bin,T=24,201,0.0,31.0,0.845771144278607,,,0.11907960199004974,,,,,,,,,,,
gpt54,gpt-5.4,AKI-T1,D1,event_time,anchor_time_bin,T=48,1030,0.0,165.0,0.8398058252427184,,,0.11189563106796113,,,,,,,,,,,
gpt54,gpt-5.4,AKI-T1,D1,event_time,anchor_time_bin,T=6,643,0.0,123.0,0.8087091757387247,,,0.12698289269051322,,,,,,,,,,,
gpt54,gpt-5.4,AKI-T1,D1,event_time,representation_profile,full_ab1b2b3,1874,0.0,319.0,0.8297758804695837,,,0.11784284951974384,,,,,,,,,,,
gpt54,gpt-5.4,AKI-T1,D1,event_time,trajectory_tier,atypical_low_support,1018,0.0,225.0,0.7789783889980354,,,0.14241159135559922,,,,,,,,,,,
gpt54,gpt-5.4,AKI-T1,D1,event_time,trajectory_tier,atypical_supported,84,0.0,22.0,0.7380952380952381,,,0.16657738095238095,,,,,,,,,,,
gpt54,gpt-5.4,AKI-T1,D1,event_time,trajectory_tier,low_template_support,760,0.0,70.0,0.9078947368421053,,,0.07914473684210527,,,,,,,,,,,
gpt54,gpt-5.4,AKI-T1,D1,event_time,trajectory_tier,typical_supported,12,0.0,2.0,0.8333333333333334,,,0.14333333333333334,,,,,,,,,,,
gpt54,gpt-5.4,AKI-T1,D2,event_time,anchor_time_bin,T=24,192,0.0,3.0,0.984375,,,0.022356770833333334,,,,,,,,,,,
gpt54,gpt-5.4,AKI-T1,D2,event_time,anchor_time_bin,T=48,968,0.0,27.0,0.9721074380165289,,,0.03148760330578512,,,,,,,,,,,
gpt54,gpt-5.4,AKI-T1,D2,event_time,anchor_time_bin,T=6,531,0.0,22.0,0.9585687382297552,,,0.044957627118644074,,,,,,,,,,,
gpt54,gpt-5.4,AKI-T1,D2,event_time,representation_profile,full_ab1b2b3,1691,0.0,52.0,0.9692489651094027,,,0.03468066232998226,,,,,,,,,,,
gpt54,gpt-5.4,AKI-T1,D2,event_time,trajectory_tier,atypical_low_support,872,0.0,41.0,0.9529816513761468,,,0.04774942660550459,,,,,,,,,,,
gpt54,gpt-5.4,AKI-T1,D2,event_time,trajectory_tier,atypical_supported,74,0.0,1.0,0.9864864864864865,,,0.02297297297297297,,,,,,,,,,,
gpt54,gpt-5.4,AKI-T1,D2,event_time,trajectory_tier,low_template_support,733,0.0,10.0,0.9863574351978172,,,0.02061050477489768,,,,,,,,,,,
gpt54,gpt-5.4,AKI-T1,D2,event_time,trajectory_tier,typical_supported,12,0.0,0.0,1.0,,,0.016666666666666666,,,,,,,,,,,
gpt54,gpt-5.4,AKI-T1,D5,categorical,anchor_time_bin,T=24,134,,,,,,,,,,0.7164179104477612,0.44166666666666665,0.6098484848484849,"{""atypical"": 132, ""typical"": 2}","{""atypical"": 96, ""typical"": 38}",,,
gpt54,gpt-5.4,AKI-T1,D5,categorical,anchor_time_bin,T=48,560,,,,,,,,,,0.7339285714285714,0.42973913162337085,0.493705035971223,"{""atypical"": 556, ""typical"": 4}","{""atypical"": 413, ""typical"": 147}",,,
gpt54,gpt-5.4,AKI-T1,D5,categorical,anchor_time_bin,T=6,422,,,,,,,,,,0.46919431279620855,0.33063305480810085,0.484375,"{""atypical"": 416, ""typical"": 6}","{""atypical"": 198, ""typical"": 224}",,,
gpt54,gpt-5.4,AKI-T1,D5,categorical,representation_profile,full_ab1b2b3,1116,,,,,,,,,,0.6317204301075269,0.3984032653446673,0.5253623188405797,"{""atypical"": 1104, ""typical"": 12}","{""atypical"": 707, ""typical"": 409}",,,
gpt54,gpt-5.4,AKI-T1,D5,categorical,trajectory_tier,atypical_low_support,1020,,,,,,,,,,0.6470588235294118,0.3928571428571429,0.6470588235294118,"{""atypical"": 1020}","{""atypical"": 660, ""typical"": 360}",,,
gpt54,gpt-5.4,AKI-T1,D5,categorical,trajectory_tier,atypical_supported,84,,,,,,,,,,0.47619047619047616,0.3225806451612903,0.47619047619047616,"{""atypical"": 84}","{""atypical"": 40, ""typical"": 44}",,,
gpt54,gpt-5.4,AKI-T1,D5,categorical,trajectory_tier,typical_supported,12,,,,,,,,,,0.4166666666666667,0.29411764705882354,0.4166666666666667,"{""typical"": 12}","{""atypical"": 7, ""typical"": 5}",,,
gpt54,gpt-5.4,DEL-S1,D1,event_time,anchor_time_bin,T=48,626,626.0,626.0,1.0,,1.0,0.009999999999999993,1.0,1.0,0.0,,,,,,,,
gpt54,gpt-5.4,DEL-S1,D1,event_time,anchor_time_bin,T=6,272,272.0,272.0,1.0,,1.0,0.01029411764705882,0.9963235294117647,0.9963235294117647,0.0,,,,,,,,
gpt54,gpt-5.4,DEL-S1,D1,event_time,left_censored,0,266,266.0,266.0,1.0,,1.0,0.009999999999999997,1.0,1.0,0.0,,,,,,,,
gpt54,gpt-5.4,DEL-S1,D1,event_time,left_censored,1,632,632.0,632.0,1.0,,1.0,0.010126582278481008,0.9984177215189873,0.9984177215189873,0.0,,,,,,,,
gpt54,gpt-5.4,DEL-S1,D1,event_time,representation_profile,full_ab1b2b3,898,898.0,898.0,1.0,,1.0,0.010089086859688193,0.9988864142538976,0.9988864142538976,0.0,,,,,,,,
gpt54,gpt-5.4,DEL-S1,D1,event_time,trajectory_tier,atypical_low_support,11,11.0,11.0,1.0,,1.0,0.009999999999999995,1.0,1.0,0.0,,,,,,,,
gpt54,gpt-5.4,DEL-S1,D1,event_time,trajectory_tier,atypical_supported,542,542.0,542.0,1.0,,1.0,0.010147601476014756,0.9981549815498155,0.9981549815498155,0.0,,,,,,,,
gpt54,gpt-5.4,DEL-S1,D1,event_time,trajectory_tier,low_template_support,7,7.0,7.0,1.0,,1.0,0.009999999999999995,1.0,1.0,0.0,,,,,,,,
gpt54,gpt-5.4,DEL-S1,D1,event_time,trajectory_tier,typical_supported,338,338.0,338.0,1.0,,1.0,0.009999999999999995,1.0,1.0,0.0,,,,,,,,
gpt54,gpt-5.4,DEL-T1,D1,event_time,anchor_time_bin,T=48,1278,1278.0,1278.0,1.0,,0.9999999999999999,0.010500782472613454,0.9929577464788732,0.9945226917057903,0.0,,,,,,,,
gpt54,gpt-5.4,DEL-T1,D1,event_time,anchor_time_bin,T=6,543,543.0,543.0,1.0,,1.0,0.009999999999999997,0.998158379373849,0.998158379373849,0.0,,,,,,,,
gpt54,gpt-5.4,DEL-T1,D1,event_time,left_censored,0,545,545.0,545.0,1.0,,1.0,0.011027522935779813,0.9853211009174312,0.9889908256880734,0.0,,,,,,,,
gpt54,gpt-5.4,DEL-T1,D1,event_time,left_censored,1,1276,1276.0,1276.0,1.0,,1.0,0.010062695924764884,0.9984326018808778,0.9984326018808778,0.0,,,,,,,,
gpt54,gpt-5.4,DEL-T1,D1,event_time,representation_profile,full_ab1b2b3,1821,1821.0,1821.0,1.0,,1.0,0.010351455244371222,0.9945085118066996,0.9956068094453597,0.0,,,,,,,,
gpt54,gpt-5.4,DEL-T1,D1,event_time,trajectory_tier,atypical_low_support,33,33.0,33.0,1.0,,1.0,0.009999999999999995,0.9696969696969697,0.9696969696969697,0.0,,,,,,,,
gpt54,gpt-5.4,DEL-T1,D1,event_time,trajectory_tier,atypical_supported,1119,1119.0,1119.0,1.0,,1.0,0.010142984807864162,0.998212689901698,0.9991063449508489,0.0,,,,,,,,
gpt54,gpt-5.4,DEL-T1,D1,event_time,trajectory_tier,low_template_support,16,16.0,16.0,1.0,,1.0,0.009999999999999995,1.0,1.0,0.0,,,,,,,,
gpt54,gpt-5.4,DEL-T1,D1,event_time,trajectory_tier,typical_supported,653,653.0,653.0,1.0,,1.0,0.010735068912710562,0.9892802450229708,0.9908116385911179,0.0,,,,,,,,
gpt54,gpt-5.4,DEL-T1,D2,event_time,anchor_time_bin,T=48,1332,1332.0,1332.0,1.0,,1.0,0.010300300300300297,1.0,1.0,0.0,,,,,,,,
gpt54,gpt-5.4,DEL-T1,D2,event_time,anchor_time_bin,T=6,543,543.0,543.0,1.0,,1.0,0.010147329650092077,1.0,1.0,0.0,,,,,,,,
gpt54,gpt-5.4,DEL-T1,D2,event_time,left_censored,0,586,586.0,586.0,1.0,,1.0,0.01040955631399317,1.0,1.0,0.0,,,,,,,,
gpt54,gpt-5.4,DEL-T1,D2,event_time,left_censored,1,1289,1289.0,1289.0,1.0,,1.0,0.010186190845616751,1.0,1.0,0.0,,,,,,,,
gpt54,gpt-5.4,DEL-T1,D2,event_time,representation_profile,full_ab1b2b3,1875,1875.0,1875.0,1.0,,1.0,0.010255999999999998,1.0,1.0,0.0,,,,,,,,
gpt54,gpt-5.4,DEL-T1,D2,event_time,trajectory_tier,atypical_low_support,35,35.0,35.0,1.0,,1.0,0.009999999999999997,1.0,1.0,0.0,,,,,,,,
gpt54,gpt-5.4,DEL-T1,D2,event_time,trajectory_tier,atypical_supported,1147,1147.0,1147.0,1.0,,1.0,0.010069747166521354,1.0,1.0,0.0,,,,,,,,
gpt54,gpt-5.4,DEL-T1,D2,event_time,trajectory_tier,low_template_support,19,19.0,19.0,1.0,,1.0,0.009999999999999997,1.0,1.0,0.0,,,,,,,,
gpt54,gpt-5.4,DEL-T1,D2,event_time,trajectory_tier,typical_supported,674,674.0,674.0,1.0,,1.0,0.010593471810089017,1.0,1.0,0.0,,,,,,,,
gpt54,gpt-5.4,S-R1,D4,categorical,anchor_time_bin,retrospective_or_na,397,,,,,,,,,,0.2594458438287154,0.17346701667239656,0.3709302897078636,"{""cardioembolic"": 83, ""large_artery"": 47, ""small_vessel"": 1, ""unknown"": 266}","{""cardioembolic"": 273, ""cryptogenic"": 16, ""large_artery"": 83, ""small_vessel"": 22, ""unknown"": 3}",,,
gpt54,gpt-5.4,S-R1,D4,categorical,representation_profile,stroke_retrospective_b2_only,397,,,,,,,,,,0.2594458438287154,0.17346701667239656,0.3709302897078636,"{""cardioembolic"": 83, ""large_artery"": 47, ""small_vessel"": 1, ""unknown"": 266}","{""cardioembolic"": 273, ""cryptogenic"": 16, ""large_artery"": 83, ""small_vessel"": 22, ""unknown"": 3}",,,
gpt54,gpt-5.4,S-R1,D4,categorical,stroke_layer,Layer2,397,,,,,,,,,,0.2594458438287154,0.17346701667239656,0.3709302897078636,"{""cardioembolic"": 83, ""large_artery"": 47, ""small_vessel"": 1, ""unknown"": 266}","{""cardioembolic"": 273, ""cryptogenic"": 16, ""large_artery"": 83, ""small_vessel"": 22, ""unknown"": 3}",,,
gpt54,gpt-5.4,S-R1,D4,categorical,stroke_tier,A,378,,,,,,,,,,0.25925925925925924,0.17479571561711676,0.3776551352806569,"{""cardioembolic"": 76, ""large_artery"": 46, ""small_vessel"": 1, ""unknown"": 255}","{""cardioembolic"": 259, ""cryptogenic"": 15, ""large_artery"": 81, ""small_vessel"": 20, ""unknown"": 3}",,,
gpt54,gpt-5.4,S-R1,D4,categorical,stroke_tier,C,19,,,,,,,,,,0.2631578947368421,0.09523809523809525,0.2380952380952381,"{""cardioembolic"": 7, ""large_artery"": 1, ""unknown"": 11}","{""cardioembolic"": 14, ""cryptogenic"": 1, ""large_artery"": 2, ""small_vessel"": 2}",,,
gpt54,gpt-5.4,S-R2,D4,categorical,anchor_time_bin,retrospective_or_na,167,,,,,,,,,,0.24550898203592814,0.22507754495332136,0.5202205882352942,"{""anticoagulation"": 20, ""antiplatelet"": 10, ""both"": 136, ""neither"": 1}","{""anticoagulation"": 49, ""antiplatelet"": 107, ""both"": 11}",,,
gpt54,gpt-5.4,S-R2,D4,categorical,representation_profile,stroke_retrospective_b2_only,167,,,,,,,,,,0.24550898203592814,0.22507754495332136,0.5202205882352942,"{""anticoagulation"": 20, ""antiplatelet"": 10, ""both"": 136, ""neither"": 1}","{""anticoagulation"": 49, ""antiplatelet"": 107, ""both"": 11}",,,
gpt54,gpt-5.4,S-R2,D4,categorical,stroke_layer,Layer2,167,,,,,,,,,,0.24550898203592814,0.22507754495332136,0.5202205882352942,"{""anticoagulation"": 20, ""antiplatelet"": 10, ""both"": 136, ""neither"": 1}","{""anticoagulation"": 49, ""antiplatelet"": 107, ""both"": 11}",,,
gpt54,gpt-5.4,S-R2,D4,categorical,stroke_tier,A,164,,,,,,,,,,0.23780487804878048,0.21893596186335806,0.5203703703703704,"{""anticoagulation"": 19, ""antiplatelet"": 9, ""both"": 135, ""neither"": 1}","{""anticoagulation"": 48, ""antiplatelet"": 105, ""both"": 11}",,,
gpt54,gpt-5.4,S-R2,D4,categorical,stroke_tier,C,3,,,,,,,,,,0.6666666666666666,0.5555555555555555,0.6666666666666666,"{""anticoagulation"": 1, ""antiplatelet"": 1, ""both"": 1}","{""anticoagulation"": 1, ""antiplatelet"": 2}",,,
gpt54,gpt-5.4,S-R3,D2,numeric_exact,anchor_time_bin,retrospective_or_na,4,,,,,,,,,,,,,,,0.75,0.75,0.0
gpt54,gpt-5.4,S-R3,D2,numeric_exact,representation_profile,stroke_retrospective_b2_only,4,,,,,,,,,,,,,,,0.75,0.75,0.0
gpt54,gpt-5.4,S-R3,D2,numeric_exact,stroke_layer,Layer2,4,,,,,,,,,,,,,,,0.75,0.75,0.0
gpt54,gpt-5.4,S-R3,D2,numeric_exact,stroke_tier,A,4,,,,,,,,,,,,,,,0.75,0.75,0.0
gpt54,gpt-5.4,S-R4,D4,binary_from_yesno,anchor_time_bin,retrospective_or_na,468,,,0.21153846153846154,0.33450958170204,0.07338641621130698,0.5771794871794874,,,,,,,,,,,
gpt54,gpt-5.4,S-R4,D4,binary_from_yesno,representation_profile,stroke_retrospective_b2_only,468,,,0.21153846153846154,0.33450958170204,0.07338641621130698,0.5771794871794874,,,,,,,,,,,
gpt54,gpt-5.4,S-R4,D4,binary_from_yesno,stroke_layer,Layer2,468,,,0.21153846153846154,0.33450958170204,0.07338641621130698,0.5771794871794874,,,,,,,,,,,
gpt54,gpt-5.4,S-R4,D4,binary_from_yesno,stroke_tier,A,440,,,0.21363636363636362,0.3429207427801535,0.07499614095334795,0.5770909090909092,,,,,,,,,,,
gpt54,gpt-5.4,S-R4,D4,binary_from_yesno,stroke_tier,C,28,,,0.17857142857142858,0.20666666666666667,0.0779848171152519,0.5785714285714286,,,,,,,,,,,
gpt54,gpt-5.4,S-T1,D1,event_time,anchor_time_bin,T=48,479,0.0,459.0,0.04175365344467641,,,0.5934133611691024,,,,,,,,,,,
gpt54,gpt-5.4,S-T1,D1,event_time,anchor_time_bin,T=6,447,0.0,367.0,0.1789709172259508,,,0.5173825503355705,,,,,,,,,,,
gpt54,gpt-5.4,S-T1,D1,event_time,representation_profile,stroke_temporal_ab1b2,926,0.0,826.0,0.1079913606911447,,,0.5567116630669547,,,,,,,,,,,
gpt54,gpt-5.4,S-T1,D1,event_time,stroke_layer,Layer1,926,0.0,826.0,0.1079913606911447,,,0.5567116630669547,,,,,,,,,,,
gpt54,gpt-5.4,S-T1,D1,event_time,stroke_tier,A,664,0.0,605.0,0.08885542168674698,,,0.5653990963855421,,,,,,,,,,,
gpt54,gpt-5.4,S-T1,D1,event_time,stroke_tier,B,262,0.0,221.0,0.15648854961832062,,,0.5346946564885496,,,,,,,,,,,
gpt54,gpt-5.4,S-T1,D3,binary_from_trend,anchor_time_bin,T=48,491,,,0.8187372708757638,0.5184660478749389,0.10627703185348308,0.16271894093686357,,,,,,,,,,,
gpt54,gpt-5.4,S-T1,D3,binary_from_trend,anchor_time_bin,T=6,444,,,0.7927927927927928,0.5274038461538462,0.207357158978418,0.17751126126126127,,,,,,,,,,,
gpt54,gpt-5.4,S-T1,D3,binary_from_trend,representation_profile,stroke_temporal_ab1b2,935,,,0.8064171122994652,0.5274147978103478,0.1666815956932586,0.1697433155080214,,,,,,,,,,,
gpt54,gpt-5.4,S-T1,D3,binary_from_trend,stroke_layer,Layer1,935,,,0.8064171122994652,0.5274147978103478,0.1666815956932586,0.1697433155080214,,,,,,,,,,,
gpt54,gpt-5.4,S-T1,D3,binary_from_trend,stroke_tier,A,674,,,0.8100890207715133,0.5122679580306699,0.16197839330874117,0.16775222551928784,,,,,,,,,,,
gpt54,gpt-5.4,S-T1,D3,binary_from_trend,stroke_tier,B,261,,,0.7969348659003831,0.5566427484235703,0.283193252758409,0.17488505747126434,,,,,,,,,,,
gpt54,gpt-5.4,S-T2,D4,categorical,anchor_time_bin,T=24,29,,,,,,,,,,0.2413793103448276,0.16114285714285717,0.2119047619047619,"{""bilateral_or_none"": 14, ""left"": 3, ""none"": 2, ""right"": 4, ""unknown"": 6}","{""bilateral_or_none"": 6, ""left"": 1, ""right"": 3, ""unknown"": 19}",,,
gpt54,gpt-5.4,S-T2,D4,categorical,anchor_time_bin,T=48,13,,,,,,,,,,0.15384615384615385,0.09,0.1,"{""bilateral_or_none"": 4, ""left"": 4, ""none"": 1, ""right"": 3, ""unknown"": 1}","{""bilateral_or_none"": 6, ""left"": 4, ""right"": 1, ""unknown"": 2}",,,
gpt54,gpt-5.4,S-T2,D4,categorical,anchor_time_bin,T=6,274,,,,,,,,,,0.20437956204379562,0.14541808929452069,0.22616935844657465,"{""bilateral_or_none"": 89, ""left"": 67, ""none"": 29, ""right"": 51, ""unknown"": 38}","{""bilateral_or_none"": 84, ""left"": 8, ""right"": 7, ""unknown"": 175}",,,
gpt54,gpt-5.4,S-T2,D4,categorical,representation_profile,stroke_temporal_ab1b2,316,,,,,,,,,,0.20569620253164558,0.14835700110821887,0.22103036971873583,"{""bilateral_or_none"": 107, ""left"": 74, ""none"": 32, ""right"": 58, ""unknown"": 45}","{""bilateral_or_none"": 96, ""left"": 13, ""right"": 11, ""unknown"": 196}",,,
gpt54,gpt-5.4,S-T2,D4,categorical,stroke_layer,Layer1,316,,,,,,,,,,0.20569620253164558,0.14835700110821887,0.22103036971873583,"{""bilateral_or_none"": 107, ""left"": 74, ""none"": 32, ""right"": 58, ""unknown"": 45}","{""bilateral_or_none"": 96, ""left"": 13, ""right"": 11, ""unknown"": 196}",,,
gpt54,gpt-5.4,S-T2,D4,categorical,stroke_tier,A,221,,,,,,,,,,0.26244343891402716,0.18227356010170356,0.2343555779119159,"{""bilateral_or_none"": 71, ""left"": 48, ""none"": 22, ""right"": 35, ""unknown"": 45}","{""bilateral_or_none"": 65, ""left"": 11, ""right"": 8, ""unknown"": 137}",,,
gpt54,gpt-5.4,S-T2,D4,categorical,stroke_tier,B,95,,,,,,,,,,0.07368421052631578,0.06061997703788748,0.05646135265700483,"{""bilateral_or_none"": 36, ""left"": 26, ""none"": 10, ""right"": 23}","{""bilateral_or_none"": 31, ""left"": 2, ""right"": 3, ""unknown"": 59}",,,
gpt54,gpt-5.4,S-T3,D4,categorical,anchor_time_bin,T=24,96,,,,,,,,,,0.17708333333333334,0.10119047619047618,0.3148148148148148,"{""consistent"": 18, ""inconsistent"": 2, ""uncertain"": 76}","{""consistent"": 94, ""inconsistent"": 1, ""uncertain"": 1}",,,
gpt54,gpt-5.4,S-T3,D4,categorical,anchor_time_bin,T=6,256,,,,,,,,,,0.2265625,0.15941683955151972,0.36335578002244673,"{""consistent"": 33, ""inconsistent"": 7, ""uncertain"": 216}","{""consistent"": 210, ""inconsistent"": 20, ""uncertain"": 26}",,,
gpt54,gpt-5.4,S-T3,D4,categorical,representation_profile,stroke_temporal_ab1b2,352,,,,,,,,,,0.21306818181818182,0.14635524747229456,0.3499418032053004,"{""consistent"": 51, ""inconsistent"": 9, ""uncertain"": 292}","{""consistent"": 304, ""inconsistent"": 21, ""uncertain"": 27}",,,
gpt54,gpt-5.4,S-T3,D4,categorical,stroke_layer,Layer1,352,,,,,,,,,,0.21306818181818182,0.14635524747229456,0.3499418032053004,"{""consistent"": 51, ""inconsistent"": 9, ""uncertain"": 292}","{""consistent"": 304, ""inconsistent"": 21, ""uncertain"": 27}",,,
gpt54,gpt-5.4,S-T3,D4,categorical,stroke_tier,A,349,,,,,,,,,,0.21203438395415472,0.14545018511024177,0.34909650134563625,"{""consistent"": 51, ""inconsistent"": 9, ""uncertain"": 289}","{""consistent"": 302, ""inconsistent"": 21, ""uncertain"": 26}",,,
gpt54,gpt-5.4,S-T3,D4,categorical,stroke_tier,B,3,,,,,,,,,,0.3333333333333333,0.25,0.3333333333333333,"{""uncertain"": 3}","{""consistent"": 2, ""uncertain"": 1}",,,
gpt54,gpt-5.4,SEP-S1,D1,event_time,anchor_time_bin,T=24,69,69.0,69.0,1.0,,1.0,0.029710144927536236,0.14492753623188406,0.2898550724637681,3.0,,,,,,,,
gpt54,gpt-5.4,SEP-S1,D1,event_time,anchor_time_bin,T=48,223,223.0,223.0,1.0,,1.0,0.03547085201793722,0.14798206278026907,0.31390134529147984,2.0,,,,,,,,
gpt54,gpt-5.4,SEP-S1,D1,event_time,anchor_time_bin,T=6,171,171.0,171.0,1.0,,1.0,0.029181286549707603,0.24561403508771928,0.4619883040935672,2.0,,,,,,,,
gpt54,gpt-5.4,SEP-S1,D1,event_time,onset_confidence,high,446,446.0,446.0,1.0,,1.0,0.03260089686098655,0.17040358744394618,0.35650224215246634,2.0,,,,,,,,
gpt54,gpt-5.4,SEP-S1,D1,event_time,onset_confidence,low,17,17.0,17.0,1.0,,1.0,0.024117647058823532,0.5294117647058824,0.5882352941176471,0.0,,,,,,,,
gpt54,gpt-5.4,SEP-S1,D1,event_time,representation_profile,full_ab1b2b3,463,463.0,463.0,1.0,,1.0,0.03228941684665228,0.183585313174946,0.3650107991360691,2.0,,,,,,,,
gpt54,gpt-5.4,SEP-S1,D1,event_time,trajectory_tier,atypical_low_support,47,47.0,47.0,1.0,,1.0,0.025319148936170217,0.23404255319148937,0.40425531914893614,2.0,,,,,,,,
gpt54,gpt-5.4,SEP-S1,D1,event_time,trajectory_tier,atypical_supported,234,234.0,234.0,1.0,,1.0,0.032905982905982914,0.15384615384615385,0.3418803418803419,2.0,,,,,,,,
gpt54,gpt-5.4,SEP-S1,D1,event_time,trajectory_tier,low_template_support,102,102.0,102.0,1.0,,1.0,0.03431372549019608,0.22549019607843138,0.39215686274509803,2.0,,,,,,,,
gpt54,gpt-5.4,SEP-S1,D1,event_time,trajectory_tier,typical_supported,80,80.0,80.0,1.0,,1.0,0.03200000000000001,0.1875,0.375,3.0,,,,,,,,
gpt54,gpt-5.4,SEP-T1,D1,event_time,anchor_time_bin,T=24,30,30.0,30.0,1.0,,1.0,0.042000000000000016,0.1,0.3,3.0,,,,,,,,
gpt54,gpt-5.4,SEP-T1,D1,event_time,anchor_time_bin,T=48,824,824.0,824.0,1.0,,1.0,0.042621359223300986,0.14320388349514562,0.3337378640776699,2.0,,,,,,,,
gpt54,gpt-5.4,SEP-T1,D1,event_time,anchor_time_bin,T=6,1000,1000.0,979.0,0.979,,1.0,0.051137500000000016,0.184,0.392,2.0,,,,,,,,
gpt54,gpt-5.4,SEP-T1,D1,event_time,onset_confidence,high,1631,1631.0,1616.0,0.9908031882280809,,1.0,0.046434702636419384,0.1489883507050889,0.3298589822194972,2.0,,,,,,,,
gpt54,gpt-5.4,SEP-T1,D1,event_time,onset_confidence,low,223,223.0,217.0,0.9730941704035875,,1.0,0.05283632286995516,0.27802690582959644,0.6188340807174888,1.0,,,,,,,,
gpt54,gpt-5.4,SEP-T1,D1,event_time,representation_profile,full_ab1b2b3,1854,1854.0,1833.0,0.988673139158576,,1.0,0.04720469255663431,0.1645091693635383,0.36461704422869473,2.0,,,,,,,,
gpt54,gpt-5.4,SEP-T1,D1,event_time,trajectory_tier,atypical_low_support,100,100.0,99.0,0.99,,1.0,0.038,0.18,0.38,2.0,,,,,,,,
gpt54,gpt-5.4,SEP-T1,D1,event_time,trajectory_tier,atypical_supported,266,266.0,265.0,0.9962406015037594,,1.0,0.041879699248120315,0.14285714285714285,0.34962406015037595,2.0,,,,,,,,
gpt54,gpt-5.4,SEP-T1,D1,event_time,trajectory_tier,low_template_support,1157,1157.0,1144.0,0.9887640449438202,,1.0,0.04598314606741574,0.17545375972342264,0.3889369057908384,2.0,,,,,,,,
gpt54,gpt-5.4,SEP-T1,D1,event_time,trajectory_tier,typical_supported,331,331.0,325.0,0.9818731117824774,,1.0,0.05853474320241693,0.13897280966767372,0.28700906344410876,3.0,,,,,,,,
gpt54,gpt-5.4,SEP-T1,D2,event_time,anchor_time_bin,T=24,30,0.0,17.0,0.43333333333333335,,,0.46333333333333343,,,,,,,,,,,
gpt54,gpt-5.4,SEP-T1,D2,event_time,anchor_time_bin,T=48,833,0.0,268.0,0.6782713085234093,,,0.2629651860744298,,,,,,,,,,,
gpt54,gpt-5.4,SEP-T1,D2,event_time,anchor_time_bin,T=6,1005,0.0,272.0,0.7293532338308458,,,0.2200696517412935,,,,,,,,,,,
gpt54,gpt-5.4,SEP-T1,D2,event_time,onset_confidence,high,1644,0.0,479.0,0.7086374695863747,,,0.23778588807785886,,,,,,,,,,,
gpt54,gpt-5.4,SEP-T1,D2,event_time,onset_confidence,low,224,0.0,78.0,0.6517857142857143,,,0.28214285714285714,,,,,,,,,,,
gpt54,gpt-5.4,SEP-T1,D2,event_time,representation_profile,full_ab1b2b3,1868,0.0,557.0,0.7018201284796574,,,0.24310492505353312,,,,,,,,,,,
gpt54,gpt-5.4,SEP-T1,D2,event_time,trajectory_tier,atypical_low_support,101,0.0,36.0,0.6435643564356436,,,0.2737623762376238,,,,,,,,,,,
gpt54,gpt-5.4,SEP-T1,D2,event_time,trajectory_tier,atypical_supported,268,0.0,98.0,0.6343283582089553,,,0.2953731343283582,,,,,,,,,,,
gpt54,gpt-5.4,SEP-T1,D2,event_time,trajectory_tier,low_template_support,1165,0.0,350.0,0.6995708154506438,,,0.24615450643776823,,,,,,,,,,,
gpt54,gpt-5.4,SEP-T1,D2,event_time,trajectory_tier,typical_supported,334,0.0,73.0,0.781437125748503,,,0.1812574850299401,,,,,,,,,,,
gpt54,gpt-5.4,SEP-T1,D5,categorical,anchor_time_bin,T=24,30,,,,,,,,,,0.43333333333333335,0.3023255813953488,0.43333333333333335,"{""high"": 30}","{""high"": 13, ""low"": 17}",,,
gpt54,gpt-5.4,SEP-T1,D5,categorical,anchor_time_bin,T=48,839,,,,,,,,,,0.31227651966626935,0.3074557130615532,0.5540656026140506,"{""high"": 730, ""low"": 109}","{""high"": 179, ""low"": 660}",,,
gpt54,gpt-5.4,SEP-T1,D5,categorical,anchor_time_bin,T=6,1006,,,,,,,,,,0.3230616302186879,0.3098865233224037,0.53453862294442,"{""high"": 891, ""low"": 115}","{""high"": 254, ""low"": 752}",,,
gpt54,gpt-5.4,SEP-T1,D5,categorical,onset_confidence,high,1651,,,,,,,,,,0.24894003634161113,0.19932104752667312,0.24894003634161113,"{""high"": 1651}","{""high"": 411, ""low"": 1240}",,,
gpt54,gpt-5.4,SEP-T1,D5,categorical,onset_confidence,low,224,,,,,,,,,,0.84375,0.4576271186440678,0.84375,"{""low"": 224}","{""high"": 35, ""low"": 189}",,,
gpt54,gpt-5.4,SEP-T1,D5,categorical,representation_profile,full_ab1b2b3,1875,,,,,,,,,,0.32,0.3103318455974181,0.5463450181708056,"{""high"": 1651, ""low"": 224}","{""high"": 446, ""low"": 1429}",,,
gpt54,gpt-5.4,SEP-T1,D5,categorical,trajectory_tier,atypical_low_support,101,,,,,,,,,,0.39603960396039606,0.2964485554413612,0.44696969696969696,"{""high"": 99, ""low"": 2}","{""high"": 40, ""low"": 61}",,,
gpt54,gpt-5.4,SEP-T1,D5,categorical,trajectory_tier,atypical_supported,268,,,,,,,,,,0.40298507462686567,0.28723404255319146,0.40298507462686567,"{""high"": 268}","{""high"": 108, ""low"": 160}",,,
gpt54,gpt-5.4,SEP-T1,D5,categorical,trajectory_tier,low_template_support,1172,,,,,,,,,,0.3310580204778157,0.33098788443616034,0.5286865813181603,"{""high"": 950, ""low"": 222}","{""high"": 234, ""low"": 938}",,,
gpt54,gpt-5.4,SEP-T1,D5,categorical,trajectory_tier,typical_supported,334,,,,,,,,,,0.19161676646706588,0.16080402010050251,0.19161676646706588,"{""high"": 334}","{""high"": 64, ""low"": 270}",,,
manual_fallback,manual_gemini_parsefix,AKI-S1,D1,event_time,anchor_time_bin,T=48,1,1.0,1.0,1.0,,1.0,0.009999999999999995,0.0,0.0,19.0,,,,,,,,
manual_fallback,manual_gemini_parsefix,AKI-S1,D1,event_time,representation_profile,full_ab1b2b3,1,1.0,1.0,1.0,,1.0,0.009999999999999995,0.0,0.0,19.0,,,,,,,,
manual_fallback,manual_gemini_parsefix,AKI-S1,D1,event_time,trajectory_tier,low_template_support,1,1.0,1.0,1.0,,1.0,0.009999999999999995,0.0,0.0,19.0,,,,,,,,
manual_fallback,manual_gemini_tail4_fallback,S-T1,D1,event_time,anchor_time_bin,T=48,1,0.0,1.0,0.0,,,0.48999999999999994,,,,,,,,,,,
manual_fallback,manual_gemini_tail4_fallback,S-T1,D1,event_time,representation_profile,stroke_temporal_ab1b2,1,0.0,1.0,0.0,,,0.48999999999999994,,,,,,,,,,,
manual_fallback,manual_gemini_tail4_fallback,S-T1,D1,event_time,stroke_layer,Layer1,1,0.0,1.0,0.0,,,0.48999999999999994,,,,,,,,,,,
manual_fallback,manual_gemini_tail4_fallback,S-T1,D1,event_time,stroke_tier,A,1,0.0,1.0,0.0,,,0.48999999999999994,,,,,,,,,,,
manual_fallback,manual_gemini_tail4_fallback,S-T1,D3,binary_from_trend,anchor_time_bin,T=48,1,,,1.0,,,0.09000000000000002,,,,,,,,,,,
manual_fallback,manual_gemini_tail4_fallback,S-T1,D3,binary_from_trend,representation_profile,stroke_temporal_ab1b2,1,,,1.0,,,0.09000000000000002,,,,,,,,,,,
manual_fallback,manual_gemini_tail4_fallback,S-T1,D3,binary_from_trend,stroke_layer,Layer1,1,,,1.0,,,0.09000000000000002,,,,,,,,,,,
manual_fallback,manual_gemini_tail4_fallback,S-T1,D3,binary_from_trend,stroke_tier,A,1,,,1.0,,,0.09000000000000002,,,,,,,,,,,
